{"sessions": {"student_001": {"quad.graph.vertex": {"p": 0.58, "attempts": 1, "streak": 1, "last_ts": 1762482683.16161}}, "student_student_001": {"quad.graph.vertex": {"p": 0.94, "attempts": 45, "streak": 0, "last_ts": 1762571466.544999}, "quad.standard.vertex": {"p": 0.5999999999999996, "attempts": 32, "streak": 0, "last_ts": 1762571484.344898}, "quad.solve.by_factoring": {"p": 0.5199999999999996, "attempts": 39, "streak": 0, "last_ts": 1762571480.561748}, "quad.roots.factored": {"p": 1.0, "attempts": 85, "streak": 69, "last_ts": 1762570327.5222452}}, "student_student_julia": {"quad.graph.vertex": {"p": 1.0, "attempts": 41, "streak": 13, "last_ts": 1762611430.2209332}, "quad.solve.by_factoring": {"p": 1.0, "attempts": 37, "streak": 15, "last_ts": 1762611444.071012}, "quad.standard.vertex": {"p": 1.0, "attempts": 35, "streak": 9, "last_ts": 1762611473.3874948}, "quad.intercepts": {"p": 0.9799999999999998, "attempts": 6, "streak": 6, "last_ts": 1762611417.220489}}}}